time,latitude,longitude,chlorophyll
2009-08-19T12:00:00Z,54.1875,7.854172,40.513763
2010-07-10T12:00:00Z,54.1875,7.854172,34.596703
2009-09-08T12:00:00Z,54.1875,7.854172,29.360538
2009-08-24T12:00:00Z,54.1875,7.854172,25.35229
2009-08-16T12:00:00Z,54.1875,7.854172,24.834644
2020-08-12T12:00:00Z,54.1875,7.854172,24.632782
2009-08-05T12:00:00Z,54.1875,7.854172,24.573523
2022-06-18T12:00:00Z,54.1875,7.854172,23.754904
2007-08-12T12:00:00Z,54.1875,7.854172,20.601889
2012-08-12T12:00:00Z,54.1875,7.854172,20.553967
2004-08-04T12:00:00Z,54.1875,7.854172,20.073408
2016-05-05T12:00:00Z,54.1875,7.854172,18.146965
2020-08-04T12:00:00Z,54.1875,7.854172,16.944437
2009-08-04T12:00:00Z,54.1875,7.854172,16.482363
2003-08-06T12:00:00Z,54.1875,7.854172,15.785009
2018-07-01T12:00:00Z,54.1875,7.854172,15.568815
2021-07-17T12:00:00Z,54.1875,7.854172,14.128776
2010-04-10T12:00:00Z,54.1875,7.854172,13.825955
2010-05-05T12:00:00Z,54.1875,7.854172,13.817534
2016-06-07T12:00:00Z,54.1875,7.854172,13.196908
2009-04-03T12:00:00Z,54.1875,7.854172,13.014688
2012-05-24T12:00:00Z,54.1875,7.854172,12.356108
2003-04-15T12:00:00Z,54.1875,7.854172,11.820902
2018-08-17T12:00:00Z,54.1875,7.854172,11.014949
2013-06-04T12:00:00Z,54.1875,7.854172,10.711914
2009-08-28T12:00:00Z,54.1875,7.854172,9.734306
2009-04-21T12:00:00Z,54.1875,7.854172,9.699333
2015-07-02T12:00:00Z,54.1875,7.854172,9.689409
2007-10-03T12:00:00Z,54.1875,7.854172,9.447115
2010-04-14T12:00:00Z,54.1875,7.854172,9.437397
2020-08-11T12:00:00Z,54.1875,7.854172,9.092091
2010-09-04T12:00:00Z,54.1875,7.854172,8.880642
2018-05-04T12:00:00Z,54.1875,7.854172,8.831749
2007-05-05T12:00:00Z,54.1875,7.854172,8.658569
2009-04-15T12:00:00Z,54.1875,7.854172,8.48699
2019-06-29T12:00:00Z,54.1875,7.854172,8.265041
2013-08-26T12:00:00Z,54.1875,7.854172,8.245228
2010-08-19T12:00:00Z,54.1875,7.854172,7.78627
2016-05-07T12:00:00Z,54.1875,7.854172,7.7691445
2006-10-17T12:00:00Z,54.1875,7.854172,7.660012
2006-09-14T12:00:00Z,54.1875,7.854172,7.580916
2016-04-01T12:00:00Z,54.1875,7.854172,7.478669
2011-04-30T12:00:00Z,54.1875,7.854172,7.357298
2007-05-03T12:00:00Z,54.1875,7.854172,7.355849
2020-09-21T12:00:00Z,54.1875,7.854172,7.3100104
2010-04-23T12:00:00Z,54.1875,7.854172,7.164496
2004-07-30T12:00:00Z,54.1875,7.854172,7.114519
2016-03-26T12:00:00Z,54.1875,7.854172,7.0932345
2004-06-14T12:00:00Z,54.1875,7.854172,6.958447
2021-06-27T12:00:00Z,54.1875,7.854172,6.7365007
2010-05-11T12:00:00Z,54.1875,7.854172,6.711648
2003-05-31T12:00:00Z,54.1875,7.854172,6.709223
2006-05-02T12:00:00Z,54.1875,7.854172,6.691818
2011-05-19T12:00:00Z,54.1875,7.854172,6.678094
2012-04-25T12:00:00Z,54.1875,7.854172,6.657053
2004-07-24T12:00:00Z,54.1875,7.854172,6.656917
2006-07-16T12:00:00Z,54.1875,7.854172,6.407137
2011-04-17T12:00:00Z,54.1875,7.854172,6.299632
2007-10-10T12:00:00Z,54.1875,7.854172,6.249168
2012-08-01T12:00:00Z,54.1875,7.854172,6.046211
2014-04-18T12:00:00Z,54.1875,7.854172,6.029169
2008-05-06T12:00:00Z,54.1875,7.854172,5.972889
2007-06-06T12:00:00Z,54.1875,7.854172,5.972516
2006-07-19T12:00:00Z,54.1875,7.854172,5.964032
2015-09-09T12:00:00Z,54.1875,7.854172,5.795364
2008-06-02T12:00:00Z,54.1875,7.854172,5.788448
2015-08-13T12:00:00Z,54.1875,7.854172,5.7064915
2008-05-07T12:00:00Z,54.1875,7.854172,5.70396
2018-04-18T12:00:00Z,54.1875,7.854172,5.6894937
2017-07-29T12:00:00Z,54.1875,7.854172,5.5858693
2016-07-21T12:00:00Z,54.1875,7.854172,5.520107
2008-04-21T12:00:00Z,54.1875,7.854172,5.489232
2020-04-21T12:00:00Z,54.1875,7.854172,5.48505
2010-07-04T12:00:00Z,54.1875,7.854172,5.477966
2021-04-28T12:00:00Z,54.1875,7.854172,5.436176
2015-07-18T12:00:00Z,54.1875,7.854172,5.2417736
2007-08-03T12:00:00Z,54.1875,7.854172,5.204397
2016-08-19T12:00:00Z,54.1875,7.854172,5.1969185
2011-04-11T12:00:00Z,54.1875,7.854172,5.173148
2011-08-05T12:00:00Z,54.1875,7.854172,5.172087
2005-09-19T12:00:00Z,54.1875,7.854172,5.161618
2021-09-09T12:00:00Z,54.1875,7.854172,5.1609173
2021-04-23T12:00:00Z,54.1875,7.854172,4.9758854
2015-07-06T12:00:00Z,54.1875,7.854172,4.961652
2017-04-29T12:00:00Z,54.1875,7.854172,4.933794
2018-07-20T12:00:00Z,54.1875,7.854172,4.929084
2007-06-07T12:00:00Z,54.1875,7.854172,4.919242
2006-06-08T12:00:00Z,54.1875,7.854172,4.881017
2007-03-28T12:00:00Z,54.1875,7.854172,4.847976
2011-06-09T12:00:00Z,54.1875,7.854172,4.841639
2009-04-19T12:00:00Z,54.1875,7.854172,4.833532
2017-04-19T12:00:00Z,54.1875,7.854172,4.807445
2011-04-25T12:00:00Z,54.1875,7.854172,4.719506
2020-05-30T12:00:00Z,54.1875,7.854172,4.7076817
2009-04-10T12:00:00Z,54.1875,7.854172,4.697989
2014-09-13T12:00:00Z,54.1875,7.854172,4.675389
2005-07-02T12:00:00Z,54.1875,7.854172,4.640691
2020-07-12T12:00:00Z,54.1875,7.854172,4.625563
2021-04-25T12:00:00Z,54.1875,7.854172,4.6089106
2012-08-19T12:00:00Z,54.1875,7.854172,4.608059
2020-03-28T12:00:00Z,54.1875,7.854172,4.5589447
2007-08-05T12:00:00Z,54.1875,7.854172,4.531992
2018-06-15T12:00:00Z,54.1875,7.854172,4.5272574
2009-04-05T12:00:00Z,54.1875,7.854172,4.522426
2007-04-11T12:00:00Z,54.1875,7.854172,4.509497
2013-05-03T12:00:00Z,54.1875,7.854172,4.495265
2014-06-09T12:00:00Z,54.1875,7.854172,4.484261
2014-03-20T12:00:00Z,54.1875,7.854172,4.478138
2007-10-15T12:00:00Z,54.1875,7.854172,4.474236
2007-04-14T12:00:00Z,54.1875,7.854172,4.467567
2017-06-18T12:00:00Z,54.1875,7.854172,4.466738
2010-06-03T12:00:00Z,54.1875,7.854172,4.455272
2004-08-02T12:00:00Z,54.1875,7.854172,4.431355
2011-06-01T12:00:00Z,54.1875,7.854172,4.417277
2021-04-18T12:00:00Z,54.1875,7.854172,4.4156876
2014-09-27T12:00:00Z,54.1875,7.854172,4.404724
2012-07-25T12:00:00Z,54.1875,7.854172,4.384233
2017-04-25T12:00:00Z,54.1875,7.854172,4.3496265
2016-08-17T12:00:00Z,54.1875,7.854172,4.328971
2022-04-25T12:00:00Z,54.1875,7.854172,4.320036
2014-07-16T12:00:00Z,54.1875,7.854172,4.3174386
2020-05-13T12:00:00Z,54.1875,7.854172,4.3170147
2013-08-02T12:00:00Z,54.1875,7.854172,4.311675
2018-11-03T12:00:00Z,54.1875,7.854172,4.3033857
2004-09-09T12:00:00Z,54.1875,7.854172,4.291489
2022-06-11T12:00:00Z,54.1875,7.854172,4.2914047
2017-04-09T12:00:00Z,54.1875,7.854172,4.2889175
2017-08-16T12:00:00Z,54.1875,7.854172,4.2269397
2004-02-20T12:00:00Z,54.1875,7.854172,4.223956
2011-04-14T12:00:00Z,54.1875,7.854172,4.189366
2011-08-20T12:00:00Z,54.1875,7.854172,4.145711
2012-04-05T12:00:00Z,54.1875,7.854172,4.122713
2004-08-08T12:00:00Z,54.1875,7.854172,4.115861
2019-04-21T12:00:00Z,54.1875,7.854172,4.1144304
2010-06-25T12:00:00Z,54.1875,7.854172,4.111097
2013-04-28T12:00:00Z,54.1875,7.854172,4.103976
2013-04-20T12:00:00Z,54.1875,7.854172,4.082239
2007-03-23T12:00:00Z,54.1875,7.854172,4.047415
2022-05-09T12:00:00Z,54.1875,7.854172,4.042767
2007-03-27T12:00:00Z,54.1875,7.854172,4.026942
2004-07-31T12:00:00Z,54.1875,7.854172,4.026752
2013-06-14T12:00:00Z,54.1875,7.854172,4.015544
2019-04-07T12:00:00Z,54.1875,7.854172,3.9930558
2015-04-06T12:00:00Z,54.1875,7.854172,3.978727
2016-07-19T12:00:00Z,54.1875,7.854172,3.9598303
2016-09-12T12:00:00Z,54.1875,7.854172,3.9062266
2009-05-08T12:00:00Z,54.1875,7.854172,3.904227
2011-10-01T12:00:00Z,54.1875,7.854172,3.902599
2016-09-06T12:00:00Z,54.1875,7.854172,3.86579
2015-10-02T12:00:00Z,54.1875,7.854172,3.857961
2011-06-02T12:00:00Z,54.1875,7.854172,3.855913
2020-06-26T12:00:00Z,54.1875,7.854172,3.8433404
2009-05-31T12:00:00Z,54.1875,7.854172,3.842551
2007-03-17T12:00:00Z,54.1875,7.854172,3.834706
2013-03-05T12:00:00Z,54.1875,7.854172,3.827028
2006-06-06T12:00:00Z,54.1875,7.854172,3.821798
2014-08-27T12:00:00Z,54.1875,7.854172,3.8050425
2019-03-29T12:00:00Z,54.1875,7.854172,3.793921
2022-02-27T12:00:00Z,54.1875,7.854172,3.787647
2011-10-14T12:00:00Z,54.1875,7.854172,3.781018
2014-05-18T12:00:00Z,54.1875,7.854172,3.773013
2022-06-15T12:00:00Z,54.1875,7.854172,3.7629805
2006-09-25T12:00:00Z,54.1875,7.854172,3.755952
2018-05-20T12:00:00Z,54.1875,7.854172,3.732004
2019-03-31T12:00:00Z,54.1875,7.854172,3.7212758
2012-04-07T12:00:00Z,54.1875,7.854172,3.699574
2019-06-07T12:00:00Z,54.1875,7.854172,3.6712031
2006-06-30T12:00:00Z,54.1875,7.854172,3.667941
2011-03-07T12:00:00Z,54.1875,7.854172,3.667552
2004-03-31T12:00:00Z,54.1875,7.854172,3.667278
2007-05-23T12:00:00Z,54.1875,7.854172,3.646671
2021-10-24T12:00:00Z,54.1875,7.854172,3.6410866
2012-08-20T12:00:00Z,54.1875,7.854172,3.634661
2018-07-23T12:00:00Z,54.1875,7.854172,3.6241007
2016-07-26T12:00:00Z,54.1875,7.854172,3.6181004
2019-04-01T12:00:00Z,54.1875,7.854172,3.6115985
2003-09-22T12:00:00Z,54.1875,7.854172,3.607288
2016-07-30T12:00:00Z,54.1875,7.854172,3.5973132
2022-03-07T12:00:00Z,54.1875,7.854172,3.592021
2016-03-16T12:00:00Z,54.1875,7.854172,3.585706
2015-05-10T12:00:00Z,54.1875,7.854172,3.5729663
2008-06-03T12:00:00Z,54.1875,7.854172,3.568583
2021-10-04T12:00:00Z,54.1875,7.854172,3.564522
2022-04-30T12:00:00Z,54.1875,7.854172,3.5577717
2016-02-16T12:00:00Z,54.1875,7.854172,3.5559735
2014-07-24T12:00:00Z,54.1875,7.854172,3.5542343
2004-03-25T12:00:00Z,54.1875,7.854172,3.55405
2003-08-17T12:00:00Z,54.1875,7.854172,3.549245
2009-04-17T12:00:00Z,54.1875,7.854172,3.548017
2006-06-11T12:00:00Z,54.1875,7.854172,3.542723
2014-03-11T12:00:00Z,54.1875,7.854172,3.521623
2014-05-31T12:00:00Z,54.1875,7.854172,3.521199
2016-07-20T12:00:00Z,54.1875,7.854172,3.5200589
2021-10-09T12:00:00Z,54.1875,7.854172,3.5076387
2022-06-03T12:00:00Z,54.1875,7.854172,3.507088
2016-08-02T12:00:00Z,54.1875,7.854172,3.5065653
2015-07-23T12:00:00Z,54.1875,7.854172,3.4856222
2005-09-01T12:00:00Z,54.1875,7.854172,3.479869
2014-09-11T12:00:00Z,54.1875,7.854172,3.4783306
2010-03-21T12:00:00Z,54.1875,7.854172,3.472015
2007-04-03T12:00:00Z,54.1875,7.854172,3.4688
2009-05-23T12:00:00Z,54.1875,7.854172,3.456942
2009-10-14T12:00:00Z,54.1875,7.854172,3.448337
2004-03-23T12:00:00Z,54.1875,7.854172,3.429403
2003-07-19T12:00:00Z,54.1875,7.854172,3.428999
2005-03-14T12:00:00Z,54.1875,7.854172,3.427368
2012-08-29T12:00:00Z,54.1875,7.854172,3.421216
2022-03-03T12:00:00Z,54.1875,7.854172,3.4207525
2011-04-04T12:00:00Z,54.1875,7.854172,3.419999
2003-06-02T12:00:00Z,54.1875,7.854172,3.41784
2018-07-18T12:00:00Z,54.1875,7.854172,3.4044852
2010-10-09T12:00:00Z,54.1875,7.854172,3.401055
2008-03-29T12:00:00Z,54.1875,7.854172,3.368356
2013-03-03T12:00:00Z,54.1875,7.854172,3.366248
2014-09-04T12:00:00Z,54.1875,7.854172,3.3629565
2007-07-09T12:00:00Z,54.1875,7.854172,3.36149
2009-05-10T12:00:00Z,54.1875,7.854172,3.360888
2019-03-24T12:00:00Z,54.1875,7.854172,3.3452249
2017-04-16T12:00:00Z,54.1875,7.854172,3.3443696
2011-10-13T12:00:00Z,54.1875,7.854172,3.336332
2017-07-21T12:00:00Z,54.1875,7.854172,3.335744
2003-08-03T12:00:00Z,54.1875,7.854172,3.319579
2018-08-03T12:00:00Z,54.1875,7.854172,3.303732
2015-08-06T12:00:00Z,54.1875,7.854172,3.2987287
2011-05-11T12:00:00Z,54.1875,7.854172,3.276981
2007-02-15T12:00:00Z,54.1875,7.854172,3.276644
2004-07-07T12:00:00Z,54.1875,7.854172,3.260074
2012-02-26T12:00:00Z,54.1875,7.854172,3.255733
2003-08-09T12:00:00Z,54.1875,7.854172,3.255181
2003-10-14T12:00:00Z,54.1875,7.854172,3.253264
2015-06-16T12:00:00Z,54.1875,7.854172,3.2523637
2021-02-12T12:00:00Z,54.1875,7.854172,3.2368195
2012-03-22T12:00:00Z,54.1875,7.854172,3.234162
2015-03-22T12:00:00Z,54.1875,7.854172,3.2187452
2011-03-08T12:00:00Z,54.1875,7.854172,3.217111
2018-08-09T12:00:00Z,54.1875,7.854172,3.2168386
2011-09-30T12:00:00Z,54.1875,7.854172,3.200823
2005-09-22T12:00:00Z,54.1875,7.854172,3.187747
2022-04-23T12:00:00Z,54.1875,7.854172,3.1784534
2018-09-02T12:00:00Z,54.1875,7.854172,3.1763453
2015-04-22T12:00:00Z,54.1875,7.854172,3.1748478
2007-06-11T12:00:00Z,54.1875,7.854172,3.167162
2018-07-27T12:00:00Z,54.1875,7.854172,3.1450062
2003-04-29T12:00:00Z,54.1875,7.854172,3.142039
2012-10-09T12:00:00Z,54.1875,7.854172,3.141966
2008-06-24T12:00:00Z,54.1875,7.854172,3.135331
2007-10-07T12:00:00Z,54.1875,7.854172,3.12853
2012-10-27T12:00:00Z,54.1875,7.854172,3.127513
2018-10-14T12:00:00Z,54.1875,7.854172,3.1143658
2017-07-09T12:00:00Z,54.1875,7.854172,3.109675
2022-03-19T12:00:00Z,54.1875,7.854172,3.107945
2021-02-13T12:00:00Z,54.1875,7.854172,3.1039636
2019-08-24T12:00:00Z,54.1875,7.854172,3.0968008
2022-03-11T12:00:00Z,54.1875,7.854172,3.0966024
2020-05-20T12:00:00Z,54.1875,7.854172,3.0937397
2014-06-26T12:00:00Z,54.1875,7.854172,3.0879557
2016-03-17T12:00:00Z,54.1875,7.854172,3.0829284
2003-05-16T12:00:00Z,54.1875,7.854172,3.073589
2022-03-08T12:00:00Z,54.1875,7.854172,3.0678515
2009-06-16T12:00:00Z,54.1875,7.854172,3.061571
2008-10-06T12:00:00Z,54.1875,7.854172,3.049916
2013-04-21T12:00:00Z,54.1875,7.854172,3.03426
2020-03-14T12:00:00Z,54.1875,7.854172,3.018169
2006-02-11T12:00:00Z,54.1875,7.854172,3.014269
2008-09-18T12:00:00Z,54.1875,7.854172,3.014057
2019-02-24T12:00:00Z,54.1875,7.854172,3.0101995
2019-08-28T12:00:00Z,54.1875,7.854172,3.0094619
2021-03-13T12:00:00Z,54.1875,7.854172,2.9961736
2017-09-23T12:00:00Z,54.1875,7.854172,2.9875522
2008-06-05T12:00:00Z,54.1875,7.854172,2.981859
2022-04-18T12:00:00Z,54.1875,7.854172,2.9808335
2005-10-05T12:00:00Z,54.1875,7.854172,2.941931
2008-05-09T12:00:00Z,54.1875,7.854172,2.935144
2014-03-12T12:00:00Z,54.1875,7.854172,2.926401
2008-07-02T12:00:00Z,54.1875,7.854172,2.913979
2018-09-18T12:00:00Z,54.1875,7.854172,2.9026778
2011-03-24T12:00:00Z,54.1875,7.854172,2.896732
2020-06-17T12:00:00Z,54.1875,7.854172,2.8955905
2008-10-23T12:00:00Z,54.1875,7.854172,2.894431
2014-05-24T12:00:00Z,54.1875,7.854172,2.891276
2008-02-10T12:00:00Z,54.1875,7.854172,2.890082
2016-04-11T12:00:00Z,54.1875,7.854172,2.889042
2005-09-21T12:00:00Z,54.1875,7.854172,2.888044
2017-03-23T12:00:00Z,54.1875,7.854172,2.8774786
2009-05-25T12:00:00Z,54.1875,7.854172,2.872806
2019-02-15T12:00:00Z,54.1875,7.854172,2.8718493
2016-02-17T12:00:00Z,54.1875,7.854172,2.8602378
2016-09-20T12:00:00Z,54.1875,7.854172,2.8579547
2010-05-20T12:00:00Z,54.1875,7.854172,2.848224
2006-03-23T12:00:00Z,54.1875,7.854172,2.831031
2005-03-21T12:00:00Z,54.1875,7.854172,2.830704
2005-10-15T12:00:00Z,54.1875,7.854172,2.826239
2014-06-02T12:00:00Z,54.1875,7.854172,2.81792
2008-07-05T12:00:00Z,54.1875,7.854172,2.814455
2015-03-19T12:00:00Z,54.1875,7.854172,2.8138373
2015-02-06T12:00:00Z,54.1875,7.854172,2.785959
2008-05-02T12:00:00Z,54.1875,7.854172,2.770245
2019-05-28T12:00:00Z,54.1875,7.854172,2.7573342
2013-10-02T12:00:00Z,54.1875,7.854172,2.750611
2017-03-22T12:00:00Z,54.1875,7.854172,2.7468705
2018-05-29T12:00:00Z,54.1875,7.854172,2.7450147
2008-07-01T12:00:00Z,54.1875,7.854172,2.743792
2014-05-25T12:00:00Z,54.1875,7.854172,2.708257
2017-03-10T12:00:00Z,54.1875,7.854172,2.708145
2005-10-27T12:00:00Z,54.1875,7.854172,2.705925
2021-06-02T12:00:00Z,54.1875,7.854172,2.7045376
2015-02-22T12:00:00Z,54.1875,7.854172,2.703685
2013-04-02T12:00:00Z,54.1875,7.854172,2.70337
2008-02-15T12:00:00Z,54.1875,7.854172,2.699355
2011-07-26T12:00:00Z,54.1875,7.854172,2.686795
2012-08-22T12:00:00Z,54.1875,7.854172,2.683516
2016-06-16T12:00:00Z,54.1875,7.854172,2.6830487
2012-03-08T12:00:00Z,54.1875,7.854172,2.681809
2020-03-25T12:00:00Z,54.1875,7.854172,2.680179
2014-05-20T12:00:00Z,54.1875,7.854172,2.664958
2008-08-19T12:00:00Z,54.1875,7.854172,2.632531
2004-04-23T12:00:00Z,54.1875,7.854172,2.626562
2009-06-25T12:00:00Z,54.1875,7.854172,2.618568
2013-03-15T12:00:00Z,54.1875,7.854172,2.617111
2003-03-21T12:00:00Z,54.1875,7.854172,2.616436
2013-10-01T12:00:00Z,54.1875,7.854172,2.610314
2019-10-29T12:00:00Z,54.1875,7.854172,2.5973916
2019-08-25T12:00:00Z,54.1875,7.854172,2.5895624
2020-03-22T12:00:00Z,54.1875,7.854172,2.5830703
2003-08-04T12:00:00Z,54.1875,7.854172,2.57425
2022-03-09T12:00:00Z,54.1875,7.854172,2.5654306
2003-07-29T12:00:00Z,54.1875,7.854172,2.564958
2019-02-17T12:00:00Z,54.1875,7.854172,2.5552056
2014-08-01T12:00:00Z,54.1875,7.854172,2.542957
2011-03-20T12:00:00Z,54.1875,7.854172,2.532622
2003-10-18T12:00:00Z,54.1875,7.854172,2.529135
2013-03-27T12:00:00Z,54.1875,7.854172,2.523596
2022-03-10T12:00:00Z,54.1875,7.854172,2.5232935
2013-03-14T12:00:00Z,54.1875,7.854172,2.518894
2013-10-26T12:00:00Z,54.1875,7.854172,2.495198
2016-06-22T12:00:00Z,54.1875,7.854172,2.4902236
2013-05-09T12:00:00Z,54.1875,7.854172,2.478511
2008-06-08T12:00:00Z,54.1875,7.854172,2.458893
2006-03-22T12:00:00Z,54.1875,7.854172,2.457036
2012-05-13T12:00:00Z,54.1875,7.854172,2.449777
2019-08-14T12:00:00Z,54.1875,7.854172,2.443396
2016-02-19T12:00:00Z,54.1875,7.854172,2.430886
2014-06-06T12:00:00Z,54.1875,7.854172,2.416031
2004-08-17T12:00:00Z,54.1875,7.854172,2.414041
2007-03-16T12:00:00Z,54.1875,7.854172,2.403997
2006-08-19T12:00:00Z,54.1875,7.854172,2.402389
2003-02-26T12:00:00Z,54.1875,7.854172,2.390351
2011-03-22T12:00:00Z,54.1875,7.854172,2.372338
2018-05-11T12:00:00Z,54.1875,7.854172,2.3709226
2007-10-30T12:00:00Z,54.1875,7.854172,2.366391
2003-03-23T12:00:00Z,54.1875,7.854172,2.354201
2003-03-17T12:00:00Z,54.1875,7.854172,2.314509
2017-04-04T12:00:00Z,54.1875,7.854172,2.3100133
2018-04-20T12:00:00Z,54.1875,7.854172,2.301764
2014-11-02T12:00:00Z,54.1875,7.854172,2.3015459
2020-06-13T12:00:00Z,54.1875,7.854172,2.2983167
2012-07-23T12:00:00Z,54.1875,7.854172,2.268509
2014-03-25T12:00:00Z,54.1875,7.854172,2.240279
2003-07-31T12:00:00Z,54.1875,7.854172,2.239543
2005-04-01T12:00:00Z,54.1875,7.854172,2.232499
2014-05-12T12:00:00Z,54.1875,7.854172,2.22993
2003-03-14T12:00:00Z,54.1875,7.854172,2.227068
2017-05-14T12:00:00Z,54.1875,7.854172,2.1793647
2020-07-26T12:00:00Z,54.1875,7.854172,2.1668825
2014-05-17T12:00:00Z,54.1875,7.854172,2.163881
2018-02-07T12:00:00Z,54.1875,7.854172,2.161777
2003-03-22T12:00:00Z,54.1875,7.854172,2.131295
2010-05-21T12:00:00Z,54.1875,7.854172,2.114696
2003-03-15T12:00:00Z,54.1875,7.854172,2.114525
2014-08-05T12:00:00Z,54.1875,7.854172,2.1101096
2012-05-25T12:00:00Z,54.1875,7.854172,2.099039
2003-02-14T12:00:00Z,54.1875,7.854172,2.097292
2016-03-08T12:00:00Z,54.1875,7.854172,2.0747013
2016-04-04T12:00:00Z,54.1875,7.854172,2.0699751
2005-04-24T12:00:00Z,54.1875,7.854172,2.022051
2016-05-10T12:00:00Z,54.1875,7.854172,2.0203831
2018-07-17T12:00:00Z,54.1875,7.854172,2.012919
2006-04-07T12:00:00Z,54.1875,7.854172,2.008476
2008-06-06T12:00:00Z,54.1875,7.854172,1.976368
2019-04-19T12:00:00Z,54.1875,7.854172,1.9565933
2010-03-04T12:00:00Z,54.1875,7.854172,1.923044
2013-03-24T12:00:00Z,54.1875,7.854172,1.905118
2011-06-12T12:00:00Z,54.1875,7.854172,1.868282
2005-05-21T12:00:00Z,54.1875,7.854172,1.849692
2019-06-17T12:00:00Z,54.1875,7.854172,1.8061495
2003-03-18T12:00:00Z,54.1875,7.854172,1.789134
2019-08-07T12:00:00Z,54.1875,7.854172,1.7821608
2018-02-21T12:00:00Z,54.1875,7.854172,1.7704444
2012-06-19T12:00:00Z,54.1875,7.854172,1.707241
2018-03-09T12:00:00Z,54.1875,7.854172,1.6545143
2020-06-09T12:00:00Z,54.1875,7.854172,1.6278129
2005-06-24T12:00:00Z,54.1875,7.854172,1.562081
2009-03-07T12:00:00Z,54.1875,7.854172,1.549586
2017-07-23T12:00:00Z,54.1875,7.854172,1.4395466
2006-04-04T12:00:00Z,54.1875,7.854172,1.409305
